Radio ID,Radio Name,Country,Genre,Stream URL,Radio logo
1967,91 The Call Radio,US,Rock,http://74.208.214.139:8000/callfm.mp3,91-the-call-radio.jpg
2110,All 80s Music Show,US,80s,http://www.englandproxy.co.uk/streaming.radionomy.com/All80-sMusicShow,all-80s-music-show.jpg
2111,All Classical Portland,US,Classic,http://allclassical-ice.streamguys.com/ac96kmp3?type=.mp3/;stream.mp3,all-classical-portland.jpg
2112,All Hits Station,US,Pop,http://usa12.fastcast4u.com:5200/1,all-hits-station.jpg
2113,All Mozart on Wide Radius,US,Classic,http://www.englandproxy.co.uk/listen.radionomy.com/AllMozartonWideRadius?type=.mp3/;stream.mp3,all-mozart-on-wide-radius.jpg
2114,All Noise Radio Music,US,Hits,http://listen.spacial.com/api/listen/?sid=72070&method=sc?type=.mp3/;stream.mp3,all-noise-radio-music.jpg
2115,All Things Comedy,US,Comedy,http://tunein.streamguys1.com/ATC,all-things-comedy.jpg
2116,Allegro FM,US,Classic,http://192.254.105.36:8080/broadwavehigh.mp3?src=1?type=.mp3/;stream.mp3,allegro-fm.jpg
2117,Alltime Oldies Radio,US,50s,http://naxos.cdnstream.com/1296_128?type=.mp3/;stream.mp3,alltime-oldies-radio.jpg
2248,BigupRadio Dancehall,US,Reggae,http://streamer.radio.co/s30d82be5e/listen,bigupradio-dancehall.jpg
2295,Boomer Radio All Hit Oldies,US,Oldies,http://boomerradio-ice.streamguys.com/boomerradio-hitoldies-32,boomer-radio-all-hit-oldies.jpg
2488,Dallas High Life Radio,US,Variety,http://thassos.cdnstream.com:5252/;,dallas-high-life-radio.jpg
2490,Dancehall Link,US,Dance,http://99.198.118.250:8016/;stream.mp3,dancehall-link.jpg
2638,Fireball Run Radio,US,Music,http://173.198.239.99:8000/stream?type=.mp3/;stream.mp3,fireball-run-radio.jpg
2761,Halloween Atmosphere,US,Music,http://listen.radionomy.com/HR_atmosphere_2012,halloween-atmosphere.jpg
2762,Halloween Kids,US,Music,http://listen.radionomy.com/hr2011_kids-b,halloween-kids.jpg
2763,Halloween Oldies,US,Music,http://listen.radionomy.com/HR_oldies_2012,halloween-oldies.jpg
2764,Halloweenradio,US,Music,http://bigrradio.cdnstream1.com/5206_128,halloweenradio.jpg
2765,HalloweenRadio Newr,US,Music,http://70.38.12.44:8502,halloweenradio-newr.jpg
2779,Hawaii Calling,US,Culture,http://s4.total-streaming.com:9334/;,hawaii-calling.jpg
2989,Kalaallit Nunaata Radioa,US,Community,http://radio.knr.gl:8000/;stream.mp3,kalaallit-nunaata-radioa.jpg
28266,KESN ESPN Dallas 103.3 FM,US,ESPN Sports,http://playerservices.streamtheworld.com/api/livestream-redirect/KESNFM.mp3,kesn-espn-dallas-103-3-fm.jpg
28294,KFSQ Valley 106.5,US,Music,http://playerservices.streamtheworld.com/api/livestream-redirect/KFSQAM.mp3,kfsq-valley-106-5.jpg
3432,KOQL FM All The Hits Q 106.1,US,Music,"http://playerservices.streamtheworld.com/api/livestream-redirect/KOQLFM.mp3",koql-fm-all-the-hits-q-106-1.jpg
3923,Metallica Fan Loop Radio,US,Rock,http://ic2.101.ru/a123,metallica-fan-loop-radio.jpg
4122,Pan African Allstars Radio,US,AC,http://tess.fast-serv.com:8580/;stream.mp3,pan-african-allstars-radio.jpg
4244,Q103 All The Hits,US,Hits,http://playerservices.streamtheworld.com/api/livestream-redirect/WJADFMAAC.aac,q103-all-the-hits.jpg
4324,Radio Exitos Dallas,US,70s,http://63.246.55.215:8002/;stream.mp3,radio-exitos-dallas.jpg
4333,Radio Fouta Djallon,US,Music,http://198.178.123.8:8324/;stream.mp3,radio-fouta-djallon.jpg
4545,Rock All Night,US,Classic,http://ice1.securenetsystems.net/DEMOSTN?&playSessionID=F997AF82-FE32-26EF-D456EDEBAAF7DB11,rock-all-night.jpg
4780,Tallahassee Fire Department,US,Music,http://relay.broadcastify.com:80/771339103?type=.mp3/;stream.mp3,tallahassee-fire-department.jpg
4922,Totally 80s FM,US,80s,http://streaming.dragonstack.com:8000/stream?type=.mp3/;stream.mp3,totally-80s-fm.jpg
4984,Valley Free Radio,US,Songs,http://valleyfree1.serverroom.us:5676/;,valley-free-radio.jpg
29095,WHAL Hallelujah 95.7,US,Urban/Gospel,http://c10icyelb.prod.playlists.ihrhls.com/2137_icy,whal-hallelujah-95-7.jpg
5338,WHHY FM 101.9 All The Hits Y102,US,Music,"http://playerservices.streamtheworld.com/api/livestream-redirect/WHHYFMAAC.aac",whhy-fm-101-9-all-the-hits-y102.jpg
29122,WHLW Hallelujah 104.3,US,Urban/Gospel,http://c9icyelb.prod.playlists.ihrhls.com/4892_icy,whlw-hallelujah-104-3.jpg
5518,WMGB FM All The Hits B 95.1,US,Music,"http://playerservices.streamtheworld.com/api/livestream-redirect/WMGBFMAAC.aac",wmgb-fm-all-the-hits-b-95-1.jpg
29553,WSAN ESPN Deportes Lehigh Valley 1470 AM,US,News,http://c4icyelb.prod.playlists.ihrhls.com/3348_icy,wsan-espn-deportes-lehigh-valley-1470-am.jpg
5803,WVBO FM 103.9 The Valley S Best Oldie,US,Oldies,"http://playerservices.streamtheworld.com/api/livestream-redirect/WVBOFMAAC.aac",wvbo-fm-103-9-the-valley-s-best-oldie.jpg
